,SSP_4,SSP_3,SSP_7,SSP_8
SSP_4,1.0,0.9422013161561775,0.9417334664325147,0.935085328905399
SSP_3,0.9422013161561775,1.0,0.9789745891695687,0.9795159050022156
SSP_7,0.9417334664325147,0.9789745891695687,1.0,0.97719997171435
SSP_8,0.935085328905399,0.9795159050022156,0.97719997171435,1.0
