,Ca_2,Ca_1
Ca_2,1.0,0.8805809461103418
Ca_1,0.8805809461103418,1.0
