,NA_3,NA_1
NA_3,1.0,0.9701547446884672
NA_1,0.9701547446884672,1.0
