,Ca_2,Ca_1
Ca_2,1.0,0.8835794231622084
Ca_1,0.8835794231622084,1.0
