,NA_3,NA_1
NA_3,1.0,0.9700335354673362
NA_1,0.9700335354673362,1.0
