,NS_2,NS_1
NS_2,1.0,0.966601195086109
NS_1,0.966601195086109,1.0
