,NA_3,NA_1
NA_3,1.0,0.9697537306502156
NA_1,0.9697537306502156,1.0
