,FAP_2,FAP_3
FAP_2,1.0,0.9727662372176555
FAP_3,0.9727662372176555,1.0
