,SSP_4,SSP_3,SSP_7,SSP_8
SSP_4,1.0,0.9434851755285266,0.9447608524526034,0.9374427548703359
SSP_3,0.9434851755285266,1.0,0.9818938776291232,0.980271514610012
SSP_7,0.9447608524526034,0.9818938776291232,1.0,0.9792045189294148
SSP_8,0.9374427548703359,0.980271514610012,0.9792045189294148,1.0
