,NA_3,NA_1
NA_3,1.0,0.969847013852478
NA_1,0.969847013852478,1.0
