,NS_2,NS_1
NS_2,1.0,0.968198240153351
NS_1,0.968198240153351,1.0
