,FAP_2,FAP_3
FAP_2,1.0,0.9706326764210521
FAP_3,0.9706326764210521,1.0
